,04540d107.png,04714d35.png,Morph.bmp
04540d107.png,0.0,0.18507889,0.06661104410886765
04714d35.png,0.18507889,0.0,0.1365511417388916
Morph.bmp,0.06661104410886765,0.1365511417388916,0.0
