,04631d29.png,04764d10.png,Morph.bmp
04631d29.png,0.0,0.2600801587104797,0.10352489352226257
04764d10.png,0.2600801587104797,0.0,0.15406623482704163
Morph.bmp,0.10352489352226257,0.15406623482704163,0.0
