,04892d75.png,04922d24.png,Morph.bmp
04892d75.png,0.0,0.6369057,0.988534
04922d24.png,0.6369057,0.0,1.0889652
Morph.bmp,0.988534,1.0889652,0.0
