,04540d107.png,04557d102.png,04708d81.png,04714d35.png,Morph_1.bmp,Morph_2.bmp,Morph_3.bmp
04540d107.png,0.0,0.31058156,0.2462929487228393,0.18507889,0.06661104410886765,0.1446218639612198,0.13678762316703796
04557d102.png,0.31058156,0.0,0.45095235,0.26821852,0.33093923330307007,0.12437616288661957,0.24670103192329407
04708d81.png,0.2462929487228393,0.45095235,0.0,0.26585856,0.3098715841770172,0.3503391146659851,0.2149791121482849
04714d35.png,0.18507889,0.26821852,0.26585856,0.0,0.1365511417388916,0.1344582438468933,0.1969178467988968
Morph_1.bmp,0.06661104410886765,0.33093923330307007,0.3098715841770172,0.1365511417388916,0.0,0.11597400903701782,0.11259177327156067
Morph_2.bmp,0.1446218639612198,0.12437616288661957,0.3503391146659851,0.1344582438468933,0.11597400903701782,0.0,0.1005437895655632
Morph_3.bmp,0.13678762316703796,0.24670103192329407,0.2149791121482849,0.1969178467988968,0.11259177327156067,0.1005437895655632,0.0
