,04892d72.png,04922d12.png,Morph.bmp
04892d72.png,0.0,0.23627828,0.0982537716627121
04922d12.png,0.23627828,0.0,0.16228872537612915
Morph.bmp,0.0982537716627121,0.16228872537612915,0.0
