,04540d107.png,04557d102.png,04714d35.png,Morph_1.bmp,Morph_2.bmp
04540d107.png,0.0,0.31058156,0.18507889,0.06661104410886765,0.1446218639612198
04557d102.png,0.31058156,0.0,0.26821852,0.33093923330307007,0.12437616288661957
04714d35.png,0.18507889,0.26821852,0.0,0.1365511417388916,0.1344582438468933
Morph_1.bmp,0.06661104410886765,0.33093923330307007,0.1365511417388916,0.0,0.11597400903701782
Morph_2.bmp,0.1446218639612198,0.12437616288661957,0.1344582438468933,0.11597400903701782,0.0
